{"cameraMode":{"drawMode":0,"name":"Shaded","section":"Shading Mode"},"sceneLighting":true,"audioPlay":false,"sceneViewState":{"m_AlwaysRefresh":false,"showFog":true,"showSkybox":true,"showFlares":true,"showImageEffects":true,"showParticleSystems":true,"showVisualEffectGraphs":true,"m_FxEnabled":true},"in2DMode":false,"pivot":{"x":2.5504508018493654,"y":-6.038167953491211,"z":4.801471710205078},"rotation":{"x":0.4095863997936249,"y":-0.060940660536289218,"z":0.027483170852065088,"w":0.9098445773124695},"size":12.327787399291993,"orthographic":false}