{"cameraMode":{"drawMode":0,"name":"Shaded","section":"Shading Mode"},"sceneLighting":false,"audioPlay":false,"sceneViewState":{"m_AlwaysRefresh":false,"showFog":true,"showSkybox":false,"showFlares":true,"showImageEffects":true,"showParticleSystems":true,"showVisualEffectGraphs":true,"m_FxEnabled":true},"in2DMode":false,"pivot":{"x":-7.599999904632568,"y":0.3499999940395355,"z":-7.429999828338623},"rotation":{"x":0.30964475870132449,"y":-0.09619705379009247,"z":0.03150559216737747,"w":0.9454512000083923},"size":0.3608209788799286,"orthographic":false}