{"cameraMode":{"drawMode":0,"name":"Shaded","section":"Shading Mode"},"sceneLighting":false,"audioPlay":false,"sceneViewState":{"m_AlwaysRefresh":false,"showFog":true,"showSkybox":false,"showFlares":true,"showImageEffects":true,"showParticleSystems":true,"showVisualEffectGraphs":true,"m_FxEnabled":true},"in2DMode":false,"pivot":{"x":0.41239428520202639,"y":0.7765021324157715,"z":0.5842974185943604},"rotation":{"x":0.39688077569007876,"y":-0.2631801664829254,"z":0.11990445852279663,"w":0.8711184859275818},"size":8.145524024963379,"orthographic":false}