{"cameraMode":{"drawMode":0,"name":"Shaded","section":"Shading Mode"},"sceneLighting":false,"audioPlay":false,"sceneViewState":{"m_AlwaysRefresh":false,"showFog":true,"showSkybox":false,"showFlares":true,"showImageEffects":true,"showParticleSystems":true,"showVisualEffectGraphs":true,"m_FxEnabled":true},"in2DMode":false,"pivot":{"x":-1.088613510131836,"y":0.5834450721740723,"z":-0.5328114628791809},"rotation":{"x":0.48063865303993227,"y":-0.05596170946955681,"z":0.030754437670111657,"w":0.8745992183685303},"size":1.6602590084075928,"orthographic":false}