{"cameraMode":{"drawMode":0,"name":"Shaded","section":"Shading Mode"},"sceneLighting":false,"audioPlay":false,"sceneViewState":{"m_AlwaysRefresh":false,"showFog":true,"showSkybox":false,"showFlares":true,"showImageEffects":true,"showParticleSystems":true,"showVisualEffectGraphs":true,"m_FxEnabled":true},"in2DMode":false,"pivot":{"x":-5.263070583343506,"y":0.23535004258155824,"z":-11.485572814941407},"rotation":{"x":-0.5553350448608398,"y":-0.06018483266234398,"z":0.04032660648226738,"w":-0.8285115361213684},"size":0.5688936114311218,"orthographic":false}